📌 Directory Reorganization Plan
1. Target Structure
CopyM3U_Matrix_Pro/
├── Core_Modules/          # All core logic and modules
│   ├── m3u_parser.py
│   ├── redis_cache.py
│   ├── page_generator.py
│   └── ...
├── scripts/               # Utilities, launch scripts, and batch files
│   ├── run_m3u_matrix.sh
│   └── ...
├── Web_Players/           # Player templates and related files
│   ├── template1/
│   ├── template2/
│   └── ...
├── tests/                 # All test files
│   ├── test_m3u_parser.py
│   └── ...
└── README.md              # Updated documentation

2. Step-by-Step Reorganization
Step 1: Create New Directories

Create the following directories in the root of your project:

Core_Modules/
scripts/
Web_Players/
tests/



Step 2: Move Core Logic Files

Move all core logic files (e.g., parsing, Redis integration, page generation) to Core_Modules/.

Example:

parse_m3u_file() → Core_Modules/m3u_parser.py
Redis-related functions → Core_Modules/redis_cache.py
page_generator.py → Core_Modules/page_generator.py





Step 3: Move Utility Scripts

Move all scripts and utilities (e.g., run_m3u_matrix.sh) to scripts/.

Example:

run_m3u_matrix.sh → scripts/run_m3u_matrix.sh





Step 4: Move Player Templates

Move all player templates to Web_Players/.

Example:

template1/ → Web_Players/template1/
template2/ → Web_Players/template2/





Step 5: Move Test Files

Move all test files to tests/.

Example:

test_m3u_matrix.py → tests/test_m3u_matrix.py






3. Update Imports and Paths

After moving files, update all import statements and file paths in the code to reflect the new structure.

Example:
pythonCopy# Old import
from page_generator import generate_page

# New import
from Core_Modules.page_generator import generate_page





4. Verify Functionality

Run the project and verify that everything works as expected:

Test M3U parsing.
Test Redis integration (if enabled).
Test page generation and player templates.
Run all tests in the tests/ directory.




5. Update README

Update the README.md to reflect the new directory structure:

Add a Project Structure section.
Document the purpose of each directory.




🚀 Example Commands for Reorganization
Here are some example commands (for Unix-like systems) to help with the reorganization:
bashCopy# Create new directories
mkdir -p Core_Modules scripts Web_Players tests

# Move core logic files
mv parse_m3u_file.py Core_Modules/m3u_parser.py
mv redis_integration.py Core_Modules/redis_cache.py
mv page_generator.py Core_Modules/

# Move utility scripts
mv run_m3u_matrix.sh scripts/

# Move player templates
mv template1/ Web_Players/
mv template2/ Web_Players/

# Move test files
mv test_m3u_matrix.py tests/

âš ï¸ Potential Pitfalls

Broken Imports: Double-check all import statements after moving files.
Missing Files: Ensure all files are moved and nothing is left behind.
Path Issues: Update any hardcoded paths in scripts or configuration files.


ğŸ¯ Next Steps

Start moving files into the new directories.
Update imports and paths in the code.
Test the project to ensure everything works.
Update the README to reflect the new structure.

